2026/5/26 01:23:05,37594
2026/5/26 01:24:00,37596
2026/5/26 01:24:53,37595
2026/5/26 01:25:01,37595
2026/5/26 01:27:04,37585
2026/5/26 01:29:39,37588
2026/5/26 01:30:00,37582
2026/5/26 01:31:00,37584
2026/5/26 01:32:00,37583
2026/5/26 01:33:00,37579
2026/5/26 01:34:00,37571
2026/5/26 01:35:00,37566
2026/5/26 01:36:00,37563
2026/5/26 01:37:00,37562
2026/5/26 01:38:00,37559
2026/5/26 01:39:00,37556
2026/5/26 01:40:00,37558
2026/5/26 01:41:00,37555
2026/5/26 01:42:00,37552
2026/5/26 01:43:00,37550
2026/5/26 01:44:00,37546
2026/5/26 01:45:00,37548
2026/5/26 01:46:00,37538
2026/5/26 01:47:00,37538
2026/5/26 01:48:00,37539
2026/5/26 01:49:00,37534
2026/5/26 01:50:00,37536
2026/5/26 01:51:00,37535
2026/5/26 01:52:00,37539
2026/5/26 01:53:00,37537
2026/5/26 01:54:00,37540
2026/5/26 01:55:00,37537
2026/5/26 01:56:00,37537
2026/5/26 01:57:00,37536
2026/5/26 01:58:00,37530
2026/5/26 01:59:00,37533
2026/5/26 02:00:00,37532
2026/5/26 02:01:00,37530
2026/5/26 02:02:00,37526
2026/5/26 02:03:00,37526
2026/5/26 02:04:00,37526
2026/5/26 02:05:00,37528
2026/5/26 02:06:00,37531
2026/5/26 02:07:00,37535
2026/5/26 02:08:00,37535
2026/5/26 02:09:00,37531
2026/5/26 02:10:00,37531
2026/5/26 02:11:00,37536
2026/5/26 02:12:00,37534
2026/5/26 02:13:00,37533
2026/5/26 02:14:00,37528
2026/5/26 02:15:00,37527
2026/5/26 02:16:00,37527
2026/5/26 02:17:00,37528
2026/5/26 02:18:00,37521
2026/5/26 02:19:00,37516
2026/5/26 02:20:00,37517
2026/5/26 02:21:00,37519
2026/5/26 02:22:00,37516
2026/5/26 02:23:00,37518
2026/5/26 02:24:00,37519
2026/5/26 02:25:00,37514
2026/5/26 02:26:00,37508
2026/5/26 02:27:00,37507
2026/5/26 02:28:00,37501
2026/5/26 02:29:00,37504
2026/5/26 02:30:00,37504
2026/5/26 02:31:00,37504
2026/5/26 02:32:00,37499
2026/5/26 02:33:00,37490
2026/5/26 02:34:00,37493
2026/5/26 02:35:10,37492
2026/5/26 02:37:04,37489
2026/5/26 02:38:00,37491
2026/5/26 02:39:00,37484
2026/5/26 02:40:00,37482
2026/5/26 02:41:00,37480
2026/5/26 02:42:00,37480
2026/5/26 02:43:00,37473
2026/5/26 02:44:00,37469
2026/5/26 02:45:00,37471
2026/5/26 02:46:00,37470
2026/5/26 02:47:00,37474
2026/5/26 02:48:00,37472
2026/5/26 02:49:00,37472
2026/5/26 02:50:00,37465
2026/5/26 02:51:00,37462
2026/5/26 02:52:00,37456
2026/5/26 02:53:00,37456
2026/5/26 02:54:00,37449
2026/5/26 02:55:00,37444
2026/5/26 02:56:00,37444
2026/5/26 02:57:00,37441
2026/5/26 02:58:00,37436
2026/5/26 02:59:00,37432
2026/5/26 03:00:00,37434
2026/5/26 03:01:00,37428
2026/5/26 03:02:00,37428
2026/5/26 03:03:00,37430
2026/5/26 03:04:00,37434
2026/5/26 03:05:00,37439
2026/5/26 03:06:00,37435
2026/5/26 03:07:00,37430
2026/5/26 03:08:00,37425
2026/5/26 03:09:00,37423
2026/5/26 03:10:00,37422
2026/5/26 03:11:00,37414
2026/5/26 03:12:00,37412
2026/5/26 03:13:00,37410
2026/5/26 03:14:00,37405
2026/5/26 03:15:00,37402
2026/5/26 03:16:00,37399
2026/5/26 03:17:00,37400
2026/5/26 03:18:00,37398
2026/5/26 03:19:00,37395
2026/5/26 03:20:00,37400
2026/5/26 03:21:00,37398
2026/5/26 03:22:00,37396
2026/5/26 03:23:00,37395
2026/5/26 03:24:00,37396
2026/5/26 03:25:00,37398
2026/5/26 03:26:00,37392
2026/5/26 03:27:00,37388
2026/5/26 03:28:00,37388
2026/5/26 03:29:00,37380
2026/5/26 03:30:00,37376
2026/5/26 03:31:00,37373
2026/5/26 03:32:00,37367
2026/5/26 03:33:00,37363
2026/5/26 03:34:00,37362
2026/5/26 03:35:00,37363
2026/5/26 03:36:00,37354
2026/5/26 03:37:00,37348
2026/5/26 03:38:00,37350
2026/5/26 03:39:00,37356
2026/5/26 03:40:00,37353
2026/5/26 03:41:00,37353
2026/5/26 03:42:00,37355
2026/5/26 03:43:00,37349
2026/5/26 03:44:00,37345
2026/5/26 03:45:00,37337
2026/5/26 03:46:00,37325
2026/5/26 03:47:00,37319
2026/5/26 03:48:00,37316
2026/5/26 03:49:00,37317
2026/5/26 03:50:00,37313
2026/5/26 03:51:00,37308
2026/5/26 03:52:00,37306
2026/5/26 03:53:00,37303
2026/5/26 03:54:00,37300
2026/5/26 03:55:00,37298
2026/5/26 03:56:00,37292
2026/5/26 03:57:00,37288
2026/5/26 03:58:00,37293
2026/5/26 03:59:00,37291
2026/5/26 04:00:00,37282
2026/5/26 04:01:00,37276
2026/5/26 04:02:00,37276
2026/5/26 04:03:00,37264
2026/5/26 04:04:00,37257
2026/5/26 04:05:00,37260
2026/5/26 04:06:00,37259
2026/5/26 04:07:00,37254
2026/5/26 04:08:00,37250
2026/5/26 04:09:00,37255
2026/5/26 04:10:00,37245
2026/5/26 04:11:00,37240
2026/5/26 04:12:00,37238
2026/5/26 04:13:00,37236
2026/5/26 04:14:00,37232
2026/5/26 04:15:00,37229
2026/5/26 04:16:00,37224
2026/5/26 04:17:00,37218
2026/5/26 04:18:00,37208
2026/5/26 04:19:00,37202
2026/5/26 04:20:00,37198
2026/5/26 04:21:00,37193
2026/5/26 04:22:00,37188
2026/5/26 04:23:00,37188
2026/5/26 04:24:00,37189
2026/5/26 04:25:00,37192
2026/5/26 04:26:00,37192
2026/5/26 04:27:00,37189
2026/5/26 04:28:00,37186
2026/5/26 04:29:00,37181
2026/5/26 04:30:00,37176
2026/5/26 04:31:00,37169
2026/5/26 04:32:00,37161
2026/5/26 04:33:00,37156
2026/5/26 04:34:00,37158
2026/5/26 04:35:00,37154
2026/5/26 04:36:00,37144
2026/5/26 04:37:00,37138
2026/5/26 04:38:00,37131
2026/5/26 04:39:00,37126
2026/5/26 04:40:00,37127
2026/5/26 04:41:00,37123
2026/5/26 04:42:00,37118
2026/5/26 04:43:00,37112
2026/5/26 04:44:00,37113
2026/5/26 04:45:00,37115
2026/5/26 04:46:00,37108
2026/5/26 04:47:00,37106
2026/5/26 04:48:00,37104
2026/5/26 04:49:00,37102
2026/5/26 04:50:00,37103
2026/5/26 04:51:00,37100
2026/5/26 04:52:00,37099
2026/5/26 04:53:00,37101
2026/5/26 04:54:00,37096
2026/5/26 04:55:00,37090
2026/5/26 04:56:00,37088
2026/5/26 04:57:00,37085
2026/5/26 04:58:00,37080
2026/5/26 04:59:00,37074
2026/5/26 05:00:00,37071
2026/5/26 05:01:00,37069
2026/5/26 05:02:00,37065
2026/5/26 05:03:00,37062
2026/5/26 05:04:00,37057
2026/5/26 05:05:00,37060
2026/5/26 05:06:00,37053
2026/5/26 05:07:00,37049
2026/5/26 05:08:00,37052
2026/5/26 05:09:00,37051
2026/5/26 05:10:00,37053
2026/5/26 05:11:00,37044
2026/5/26 05:12:00,37037
2026/5/26 05:13:00,37032
2026/5/26 05:14:00,37025
2026/5/26 05:15:00,37020
2026/5/26 05:16:00,37017
2026/5/26 05:17:00,37012
2026/5/26 05:18:00,37005
2026/5/26 05:19:00,37000
2026/5/26 05:20:00,36994
2026/5/26 05:21:00,36993
2026/5/26 05:22:00,36992
2026/5/26 05:23:00,36995
2026/5/26 05:24:00,36996
2026/5/26 05:25:00,36991
2026/5/26 05:26:02,36986
2026/5/26 05:26:02,36986
2026/5/26 05:27:00,36980
2026/5/26 05:28:00,36965
2026/5/26 05:29:00,36956
2026/5/26 05:30:00,36947
2026/5/26 05:31:00,36941
2026/5/26 05:32:00,36938
2026/5/26 05:33:00,36938
2026/5/26 05:34:00,36935
2026/5/26 05:35:00,36928
2026/5/26 05:35:34,36926
2026/5/26 05:36:00,36922
2026/5/26 05:37:00,36914
2026/5/26 05:38:00,36914
2026/5/26 05:39:00,36910
2026/5/26 05:40:00,36911
2026/5/26 05:41:00,36906
2026/5/26 05:42:00,36902
2026/5/26 05:43:00,36902
2026/5/26 05:44:00,36899
2026/5/26 05:45:00,36895
2026/5/26 05:46:00,36893
2026/5/26 05:47:00,36890
2026/5/26 05:48:00,36885
2026/5/26 05:49:00,36866
2026/5/26 05:50:00,36858
2026/5/26 05:51:00,36853
2026/5/26 05:52:00,36855
2026/5/26 05:53:00,36852
2026/5/26 05:54:00,36847
2026/5/26 05:55:00,36842
2026/5/26 05:56:00,36839
2026/5/26 05:57:00,36825
2026/5/26 05:58:00,36818
2026/5/26 05:59:00,36805
2026/5/26 06:00:00,36805
2026/5/26 06:01:00,36797
2026/5/26 06:02:00,36795
2026/5/26 06:03:00,36789
2026/5/26 06:04:00,36781
2026/5/26 06:05:00,36769
2026/5/26 06:06:00,36766
2026/5/26 06:07:00,36766
2026/5/26 06:08:00,36765
2026/5/26 06:09:00,36754
2026/5/26 06:10:00,36745
2026/5/26 06:11:00,36737
2026/5/26 06:12:00,36733
2026/5/26 06:13:00,36730
2026/5/26 06:14:00,36723
2026/5/26 06:15:00,36720
2026/5/26 06:16:00,36711
2026/5/26 06:17:00,36700
2026/5/26 06:18:00,36696
2026/5/26 06:19:00,36693
2026/5/26 06:20:00,36692
2026/5/26 06:21:00,36682
2026/5/26 06:22:00,36678
2026/5/26 06:23:00,36680
2026/5/26 06:24:00,36679
2026/5/26 06:25:00,36673
2026/5/26 06:26:00,36663
2026/5/26 06:27:00,36653
2026/5/26 06:28:00,36646
2026/5/26 06:29:00,36637
2026/5/26 06:30:00,36623
2026/5/26 06:31:00,36614
2026/5/26 06:32:00,36605
2026/5/26 06:33:00,36604
2026/5/26 06:34:00,36604
2026/5/26 06:35:00,36601
2026/5/26 06:36:00,36583
2026/5/26 06:37:00,36582
2026/5/26 06:38:00,36581
2026/5/26 06:39:00,36572
2026/5/26 06:40:00,36568
2026/5/26 06:41:00,36561
2026/5/26 06:42:00,36554
2026/5/26 06:43:00,36555
2026/5/26 06:44:00,36557
2026/5/26 06:45:00,36555
2026/5/26 06:46:00,36554
2026/5/26 06:47:00,36549
2026/5/26 06:48:00,36547
2026/5/26 06:49:00,36541
2026/5/26 06:50:00,36544
2026/5/26 06:51:00,36543
2026/5/26 06:52:00,36542
2026/5/26 06:53:00,36537
2026/5/26 06:54:00,36534
2026/5/26 06:55:00,36538
2026/5/26 06:56:00,36533
2026/5/26 06:57:00,36527
2026/5/26 06:58:00,36528
2026/5/26 06:59:00,36520
2026/5/26 07:00:00,36509
2026/5/26 07:01:00,36511
2026/5/26 07:02:00,36506
2026/5/26 07:03:00,36510
2026/5/26 07:04:00,36502
2026/5/26 07:05:00,36496
2026/5/26 07:06:00,36493
2026/5/26 07:07:00,36487
2026/5/26 07:08:00,36486
2026/5/26 07:09:00,36477
2026/5/26 07:10:00,36467
2026/5/26 07:11:00,36459
2026/5/26 07:12:00,36448
2026/5/26 07:13:00,36441
2026/5/26 07:14:00,36442
2026/5/26 07:15:00,36440
2026/5/26 07:16:00,36440
2026/5/26 07:17:00,36435
2026/5/26 07:18:00,36430
2026/5/26 07:19:00,36418
2026/5/26 07:20:00,36408
2026/5/26 07:21:00,36396
2026/5/26 07:22:00,36389
2026/5/26 07:23:00,36385
2026/5/26 07:24:00,36375
2026/5/26 07:25:00,36371
2026/5/26 07:26:00,36363
2026/5/26 07:27:00,36352
2026/5/26 07:28:00,36347
2026/5/26 07:29:00,36353
2026/5/26 07:30:00,36358
2026/5/26 07:31:00,36355
2026/5/26 07:32:00,36352
2026/5/26 07:33:00,36350
2026/5/26 07:34:00,36348
2026/5/26 07:35:00,36351
2026/5/26 07:36:00,36350
2026/5/26 07:37:00,36355
2026/5/26 07:38:00,36350
2026/5/26 07:39:00,36345
2026/5/26 07:40:00,36340
2026/5/26 07:41:00,36336
2026/5/26 07:42:00,36336
2026/5/26 07:43:00,36343
2026/5/26 07:44:00,36340
2026/5/26 07:45:00,36341
2026/5/26 07:46:00,36339
2026/5/26 07:47:00,36337
2026/5/26 07:48:00,36339
2026/5/26 07:49:00,36342
2026/5/26 07:50:00,36340
2026/5/26 07:51:00,36327
2026/5/26 07:52:00,36323
2026/5/26 07:53:00,36328
2026/5/26 07:54:00,36332
2026/5/26 07:55:00,36333
2026/5/26 07:56:00,36342
2026/5/26 07:57:00,36351
2026/5/26 07:58:00,36357
2026/5/26 07:59:00,36366
2026/5/26 08:00:00,36373
2026/5/26 08:01:00,36370
2026/5/26 08:02:00,36366
2026/5/26 08:03:00,36369
2026/5/26 08:04:00,36364
2026/5/26 08:05:00,36370
2026/5/26 08:06:00,36375
2026/5/26 08:07:00,36381
2026/5/26 08:08:00,36379
2026/5/26 08:09:00,36380
2026/5/26 08:10:00,36385
2026/5/26 08:11:00,36391
2026/5/26 08:12:00,36402
2026/5/26 08:13:00,36418
2026/5/26 08:14:00,36419
2026/5/26 08:15:00,36421
2026/5/26 08:16:00,36418
2026/5/26 08:17:00,36426
2026/5/26 08:18:00,36431
2026/5/26 08:19:00,36438
2026/5/26 08:20:00,36435
2026/5/26 08:21:00,36433
2026/5/26 08:22:00,36430
2026/5/26 08:23:00,36437
2026/5/26 08:24:00,36435
2026/5/26 08:25:00,36445
2026/5/26 08:26:00,36453
2026/5/26 08:27:00,36447
2026/5/26 08:28:00,36456
2026/5/26 08:29:00,36463
2026/5/26 08:30:00,36467
2026/5/26 08:31:00,36472
2026/5/26 08:32:00,36464
2026/5/26 08:33:00,36476
2026/5/26 08:34:00,36472
2026/5/26 08:35:00,36478
2026/5/26 08:36:00,36491
2026/5/26 08:37:00,36502
2026/5/26 08:38:07,36515
2026/5/26 08:39:00,36519
2026/5/26 08:40:00,36532
2026/5/26 08:41:00,36543
2026/5/26 08:42:00,36556
2026/5/26 08:43:00,36559
2026/5/26 08:44:00,36560
2026/5/26 08:45:00,36562
2026/5/26 08:46:00,36563
2026/5/26 08:47:00,36571
2026/5/26 08:48:00,36576
2026/5/26 08:49:00,36582
2026/5/26 08:50:00,36589
2026/5/26 08:51:00,36593
2026/5/26 08:52:00,36604
2026/5/26 08:53:00,36617
2026/5/26 08:54:00,36624
2026/5/26 08:55:00,36634
2026/5/26 08:56:00,36641
2026/5/26 08:57:00,36643
2026/5/26 08:58:00,36657
2026/5/26 08:59:00,36657
2026/5/26 09:00:00,36670
2026/5/26 09:01:00,36674
2026/5/26 09:02:00,36678
2026/5/26 09:03:00,36675
2026/5/26 09:04:00,36689
2026/5/26 09:05:00,36689
2026/5/26 09:06:00,36696
2026/5/26 09:07:00,36690
2026/5/26 09:08:00,36689
2026/5/26 09:09:00,36682
2026/5/26 09:10:00,36696
2026/5/26 09:11:00,36705
2026/5/26 09:12:00,36719
2026/5/26 09:13:00,36722
2026/5/26 09:14:00,36725
2026/5/26 09:15:00,36729
2026/5/26 09:16:00,36738
2026/5/26 09:17:00,36746
2026/5/26 09:18:00,36751
2026/5/26 09:19:00,36752
2026/5/26 09:20:00,36760
2026/5/26 09:21:00,36763
2026/5/26 09:22:00,36767
2026/5/26 09:23:00,36769
2026/5/26 09:24:00,36776
2026/5/26 09:25:00,36775
2026/5/26 09:26:00,36785
2026/5/26 09:27:00,36792
2026/5/26 09:28:00,36805
2026/5/26 09:29:00,36818
2026/5/26 09:30:00,36824
2026/5/26 09:31:00,36825
2026/5/26 09:32:00,36816
2026/5/26 09:33:00,36827
2026/5/26 09:34:00,36825
2026/5/26 09:35:00,36824
2026/5/26 09:36:00,36827
2026/5/26 09:37:00,36840
2026/5/26 09:38:00,36853
2026/5/26 09:39:00,36858
2026/5/26 09:40:00,36864
2026/5/26 09:41:00,36878
2026/5/26 09:42:00,36889
2026/5/26 09:43:00,36893
2026/5/26 09:44:00,36894
2026/5/26 09:45:00,36895
2026/5/26 09:46:00,36892
2026/5/26 09:47:00,36898
2026/5/26 09:48:00,36908
2026/5/26 09:49:00,36913
2026/5/26 09:50:00,36925
2026/5/26 09:51:00,36929
2026/5/26 09:52:00,36935
2026/5/26 09:53:00,36940
2026/5/26 09:54:00,36940
2026/5/26 09:55:00,36936
2026/5/26 09:56:00,36938
2026/5/26 09:57:00,36936
2026/5/26 09:58:00,36937
2026/5/26 09:59:00,36951
2026/5/26 10:00:00,36944
2026/5/26 10:01:00,36954
2026/5/26 10:02:00,36960
2026/5/26 10:03:00,36964
2026/5/26 10:04:00,36963
2026/5/26 10:05:00,36966
2026/5/26 10:06:00,36973
2026/5/26 10:07:00,36973
2026/5/26 10:08:00,36959
2026/5/26 10:09:00,36961
2026/5/26 10:10:00,36975
2026/5/26 10:11:00,36985
2026/5/26 10:12:00,36986
2026/5/26 10:13:00,36995
2026/5/26 10:14:00,36992
2026/5/26 10:15:00,36996
2026/5/26 10:16:00,36992
2026/5/26 10:17:00,36987
2026/5/26 10:18:00,36981
2026/5/26 10:19:00,36983
2026/5/26 10:20:00,36980
2026/5/26 10:21:00,36975
2026/5/26 10:22:00,36966
2026/5/26 10:23:00,36962
2026/5/26 10:24:00,36962
2026/5/26 10:25:00,36963
2026/5/26 10:26:00,36961
2026/5/26 10:27:00,36963
2026/5/26 10:28:00,36968
2026/5/26 10:29:00,36971
2026/5/26 10:30:00,36968
2026/5/26 10:31:00,36969
2026/5/26 10:32:00,36970
2026/5/26 10:33:00,36970
2026/5/26 10:34:00,36974
2026/5/26 10:35:00,36974
2026/5/26 10:36:00,36969
2026/5/26 10:37:00,36972
2026/5/26 10:38:00,36973
2026/5/26 10:39:00,36978
2026/5/26 10:40:00,36987
2026/5/26 10:41:00,36984
2026/5/26 10:42:00,36992
2026/5/26 10:43:00,36989
2026/5/26 10:44:00,36987
2026/5/26 10:45:00,36991
2026/5/26 10:46:00,36994
2026/5/26 10:47:00,36993
2026/5/26 10:48:00,36994
2026/5/26 10:49:00,36991
2026/5/26 10:50:00,36991
2026/5/26 10:51:00,36994
2026/5/26 10:52:00,37003
2026/5/26 10:53:00,37009
2026/5/26 10:54:00,37007
2026/5/26 10:55:00,37006
2026/5/26 10:56:00,37005
2026/5/26 10:57:00,37002
2026/5/26 10:58:00,37008
2026/5/26 10:59:00,37015
2026/5/26 11:00:00,37012
2026/5/26 11:01:00,37009
2026/5/26 11:02:00,37007
2026/5/26 11:03:00,37009
2026/5/26 11:04:00,37014
2026/5/26 11:05:00,37005
2026/5/26 11:06:00,37005
2026/5/26 11:07:00,37009
2026/5/26 11:08:00,37010
2026/5/26 11:09:00,37012
2026/5/26 11:10:00,37011
2026/5/26 11:11:00,37008
2026/5/26 11:12:00,37006
2026/5/26 11:13:00,37005
2026/5/26 11:14:00,37008
2026/5/26 11:15:00,37012
2026/5/26 11:16:00,37016
2026/5/26 11:17:00,37017
2026/5/26 11:18:00,37021
2026/5/26 11:19:00,37023
2026/5/26 11:20:00,37024
2026/5/26 11:21:00,37025
2026/5/26 11:22:00,37025
2026/5/26 11:23:00,37024
2026/5/26 11:24:00,37023
2026/5/26 11:25:00,37024
2026/5/26 11:26:00,37027
2026/5/26 11:27:00,37025
2026/5/26 11:28:00,37024
2026/5/26 11:29:00,37021
2026/5/26 11:30:00,37031
2026/5/26 11:31:00,37029
2026/5/26 11:32:00,37038
2026/5/26 11:33:00,37034
2026/5/26 11:34:00,37031
2026/5/26 11:35:00,37028
2026/5/26 11:36:00,37022
2026/5/26 11:37:00,37022
2026/5/26 11:38:00,37020
2026/5/26 11:39:00,37024
2026/5/26 11:40:00,37027
2026/5/26 11:41:00,37026
2026/5/26 11:42:00,37023
2026/5/26 11:43:00,37023
2026/5/26 11:44:00,37027
2026/5/26 11:45:00,37024
2026/5/26 11:46:00,37026
2026/5/26 11:47:00,37019
2026/5/26 11:48:00,37021
2026/5/26 11:49:00,37013
2026/5/26 11:50:00,37011
2026/5/26 11:51:00,37013
2026/5/26 11:52:00,37019
2026/5/26 11:53:00,37020
2026/5/26 11:54:00,37016
2026/5/26 11:55:00,37011
2026/5/26 11:56:00,37009
2026/5/26 11:57:00,37007
2026/5/26 11:58:00,37009
2026/5/26 11:59:00,37007
2026/5/26 12:00:00,37005
2026/5/26 12:01:00,37009
2026/5/26 12:02:00,37009
2026/5/26 12:03:00,37007
2026/5/26 12:04:00,37014
2026/5/26 12:05:00,37014
2026/5/26 12:06:00,37018
2026/5/26 12:07:00,37017
2026/5/26 12:08:00,37022
2026/5/26 12:09:00,37023
2026/5/26 12:10:00,37020
2026/5/26 12:11:00,37017
2026/5/26 12:12:00,37014
2026/5/26 12:13:00,37022
2026/5/26 12:14:00,37031
2026/5/26 12:15:00,37025
2026/5/26 12:16:00,37030
2026/5/26 12:17:00,37036
2026/5/26 12:18:00,37042
2026/5/26 12:19:00,37049
2026/5/26 12:20:00,37052
2026/5/26 12:21:00,37054
2026/5/26 12:22:00,37058
2026/5/26 12:23:00,37051
2026/5/26 12:24:00,37055
2026/5/26 12:25:00,37068
2026/5/26 12:26:00,37054
2026/5/26 12:27:00,37048
2026/5/26 12:28:00,37043
2026/5/26 12:29:00,37045
2026/5/26 12:30:00,37054
2026/5/26 12:31:00,37053
2026/5/26 12:32:00,37048
2026/5/26 12:33:00,37047
2026/5/26 12:34:00,37042
2026/5/26 12:35:00,37034
2026/5/26 12:36:00,37041
2026/5/26 12:37:00,37040
2026/5/26 12:38:00,37042
2026/5/26 12:39:00,37045
2026/5/26 12:40:00,37049
2026/5/26 12:41:00,37054
2026/5/26 12:42:00,37047
2026/5/26 12:43:00,37053
2026/5/26 12:44:00,37048
2026/5/26 12:45:00,37040
2026/5/26 12:46:00,37038
2026/5/26 12:47:00,37035
2026/5/26 12:48:00,37036
2026/5/26 12:49:00,37039
2026/5/26 12:50:00,37043
2026/5/26 12:51:00,37046
2026/5/26 12:52:00,37047
2026/5/26 12:53:00,37042
2026/5/26 12:54:00,37038
2026/5/26 12:55:00,37040
2026/5/26 12:56:00,37044
2026/5/26 12:57:00,37042
2026/5/26 12:58:00,37045
2026/5/26 12:59:00,37048
2026/5/26 13:00:00,37044
2026/5/26 13:01:00,37047
2026/5/26 13:02:00,37047
2026/5/26 13:03:00,37055
2026/5/26 13:04:00,37059
2026/5/26 13:05:00,37062
2026/5/26 13:06:00,37072
2026/5/26 13:07:00,37072
2026/5/26 13:08:00,37074
2026/5/26 13:09:00,37075
2026/5/26 13:10:00,37077
2026/5/26 13:11:00,37086
2026/5/26 13:12:00,37085
2026/5/26 13:13:00,37088
2026/5/26 13:14:00,37087
2026/5/26 13:15:00,37086
2026/5/26 13:16:00,37086
2026/5/26 13:17:00,37083
2026/5/26 13:18:00,37076
2026/5/26 13:19:00,37076
2026/5/26 13:20:00,37073
2026/5/26 13:21:00,37066
2026/5/26 13:22:00,37067
2026/5/26 13:23:00,37070
2026/5/26 13:24:00,37058
2026/5/26 13:25:00,37055
2026/5/26 13:26:00,37059
2026/5/26 13:27:00,37063
2026/5/26 13:28:00,37061
2026/5/26 13:29:00,37055
2026/5/26 13:30:00,37057
2026/5/26 13:31:00,37059
2026/5/26 13:32:00,37065
2026/5/26 13:33:00,37061
2026/5/26 13:34:00,37059
2026/5/26 13:35:00,37056
2026/5/26 13:36:00,37060
2026/5/26 13:37:00,37066
2026/5/26 13:38:00,37067
2026/5/26 13:39:00,37060
2026/5/26 13:40:00,37050
2026/5/26 13:41:00,37052
2026/5/26 13:42:00,37049
2026/5/26 13:43:00,37060
2026/5/26 13:44:00,37062
2026/5/26 13:45:00,37067
2026/5/26 13:46:00,37062
2026/5/26 13:47:00,37064
2026/5/26 13:48:00,37065
2026/5/26 13:49:00,37068
2026/5/26 13:50:00,37078
2026/5/26 13:51:00,37078
2026/5/26 13:52:00,37080
2026/5/26 13:53:00,37075
2026/5/26 13:54:00,37068
2026/5/26 13:55:00,37065
2026/5/26 13:56:00,37059
2026/5/26 13:57:00,37050
2026/5/26 13:58:00,37054
2026/5/26 13:59:00,37056
2026/5/26 14:00:00,37059
2026/5/26 14:01:00,37066
2026/5/26 14:02:00,37067
2026/5/26 14:03:00,37079
2026/5/26 14:04:00,37077
2026/5/26 14:05:00,37077
2026/5/26 14:06:00,37079
2026/5/26 14:07:00,37076
2026/5/26 14:08:00,37073
2026/5/26 14:09:00,37067
2026/5/26 14:10:00,37064
2026/5/26 14:11:00,37058
2026/5/26 14:12:00,37053
2026/5/26 14:13:00,37049
2026/5/26 14:14:00,37053
2026/5/26 14:15:00,37049
2026/5/26 14:16:00,37050
2026/5/26 14:17:00,37052
2026/5/26 14:18:00,37048
2026/5/26 14:19:00,37054
2026/5/26 14:20:00,37062
2026/5/26 14:21:00,37065
2026/5/26 14:22:00,37064
2026/5/26 14:23:00,37066
2026/5/26 14:24:00,37070
2026/5/26 14:25:00,37072
2026/5/26 14:26:00,37069
2026/5/26 14:27:00,37062
2026/5/26 14:28:00,37064
2026/5/26 14:29:00,37059
2026/5/26 14:30:00,37058
2026/5/26 14:31:00,37062
2026/5/26 14:32:00,37064
2026/5/26 14:33:00,37058
2026/5/26 14:34:00,37060
2026/5/26 14:35:00,37055
2026/5/26 14:36:00,37052
2026/5/26 14:37:00,37055
2026/5/26 14:38:00,37061
2026/5/26 14:39:04,37057
2026/5/26 14:40:00,37065
2026/5/26 14:41:00,37063
2026/5/26 14:42:00,37072
2026/5/26 14:43:00,37075
2026/5/26 14:44:00,37081
2026/5/26 14:45:00,37080
2026/5/26 14:46:00,37078
2026/5/26 14:47:00,37081
2026/5/26 14:48:00,37080
2026/5/26 14:49:00,37079
2026/5/26 14:50:00,37078
2026/5/26 14:51:00,37079
2026/5/26 14:52:00,37073
2026/5/26 14:53:00,37075
2026/5/26 14:54:00,37070
2026/5/26 14:55:00,37074
2026/5/26 14:56:00,37061
2026/5/26 14:57:00,37064
2026/5/26 14:58:00,37067
2026/5/26 14:59:00,37066
2026/5/26 15:00:00,37072
2026/5/26 15:01:00,37066
2026/5/26 15:02:00,37063
2026/5/26 15:03:00,37057
2026/5/26 15:04:00,37057
2026/5/26 15:05:00,37057
2026/5/26 15:06:00,37055
2026/5/26 15:07:00,37054
2026/5/26 15:08:00,37055
2026/5/26 15:09:00,37058
2026/5/26 15:10:00,37052
2026/5/26 15:11:00,37048
2026/5/26 15:12:00,37049
2026/5/26 15:13:00,37045
2026/5/26 15:14:00,37046
2026/5/26 15:15:00,37046
2026/5/26 15:16:00,37044
2026/5/26 15:17:00,37043
2026/5/26 15:18:00,37041
2026/5/26 15:19:00,37038
2026/5/26 15:20:00,37039
2026/5/26 15:21:00,37035
2026/5/26 15:22:00,37034
2026/5/26 15:23:00,37028
2026/5/26 15:24:00,37030
2026/5/26 15:25:00,37036
2026/5/26 15:26:00,37038
2026/5/26 15:27:00,37035
2026/5/26 15:28:00,37037
2026/5/26 15:29:00,37040
2026/5/26 15:30:00,37037
2026/5/26 15:31:00,37034
2026/5/26 15:32:00,37040
2026/5/26 15:33:00,37037
2026/5/26 15:34:00,37034
2026/5/26 15:35:00,37039
2026/5/26 15:36:00,37041
2026/5/26 15:37:00,37040
2026/5/26 15:38:00,37047
2026/5/26 15:39:00,37042
2026/5/26 15:40:00,37041
2026/5/26 15:41:00,37043
2026/5/26 15:42:00,37048
2026/5/26 15:43:00,37051
2026/5/26 15:44:00,37051
2026/5/26 15:45:00,37048
2026/5/26 15:46:00,37055
2026/5/26 15:47:00,37049
2026/5/26 15:48:00,37052
2026/5/26 15:49:00,37051
2026/5/26 15:50:00,37055
2026/5/26 15:51:00,37060
2026/5/26 15:52:00,37060
2026/5/26 15:53:00,37057
2026/5/26 15:54:00,37058
2026/5/26 15:55:00,37059
2026/5/26 15:56:00,37062
2026/5/26 15:57:00,37074
2026/5/26 15:58:00,37071
2026/5/26 15:59:00,37070
2026/5/26 16:00:00,37076
2026/5/26 16:01:00,37080
2026/5/26 16:02:00,37083
2026/5/26 16:03:00,37080
2026/5/26 16:04:00,37077
2026/5/26 16:05:00,37080
2026/5/26 16:06:00,37082
2026/5/26 16:07:00,37081
2026/5/26 16:08:00,37079
2026/5/26 16:09:00,37084
2026/5/26 16:10:00,37082
2026/5/26 16:11:00,37082
2026/5/26 16:12:00,37083
2026/5/26 16:13:00,37080
2026/5/26 16:14:00,37080
2026/5/26 16:15:00,37080
2026/5/26 16:16:00,37077
2026/5/26 16:17:00,37077
2026/5/26 16:18:00,37076
2026/5/26 16:19:00,37075
2026/5/26 16:20:00,37075
2026/5/26 16:21:00,37073
2026/5/26 16:22:00,37070
2026/5/26 16:23:00,37072
2026/5/26 16:24:00,37074
2026/5/26 16:25:00,37072
2026/5/26 16:26:00,37072
2026/5/26 16:27:00,37072
2026/5/26 16:28:00,37084
2026/5/26 16:29:00,37083
2026/5/26 16:30:00,37082
2026/5/26 16:31:00,37081
2026/5/26 16:32:00,37077
2026/5/26 16:33:00,37070
2026/5/26 16:34:00,37063
2026/5/26 16:35:00,37064
2026/5/26 16:36:00,37063
2026/5/26 16:37:00,37065
2026/5/26 16:38:00,37066
2026/5/26 16:39:00,37066
2026/5/26 16:40:00,37070
2026/5/26 16:41:00,37068
2026/5/26 16:42:00,37064
2026/5/26 16:43:00,37070
2026/5/26 16:44:00,37066
2026/5/26 16:45:00,37064
2026/5/26 16:46:00,37065
2026/5/26 16:47:00,37059
2026/5/26 16:48:00,37056
2026/5/26 16:49:00,37051
2026/5/26 16:50:00,37052
2026/5/26 16:51:00,37054
2026/5/26 16:52:00,37054
2026/5/26 16:53:00,37056
2026/5/26 16:54:00,37051
2026/5/26 16:55:00,37044
2026/5/26 16:56:00,37041
2026/5/26 16:57:00,37042
2026/5/26 16:58:00,37049
2026/5/26 16:59:00,37054
2026/5/26 17:00:00,37054
2026/5/26 17:01:00,37053
2026/5/26 17:02:00,37056
2026/5/26 17:03:00,37051
2026/5/26 17:04:00,37049
2026/5/26 17:05:00,37047
2026/5/26 17:06:00,37047
2026/5/26 17:07:00,37047
2026/5/26 17:08:00,37050
2026/5/26 17:09:00,37049
2026/5/26 17:10:00,37056
2026/5/26 17:11:00,37062
2026/5/26 17:12:00,37063
2026/5/26 17:13:00,37061
2026/5/26 17:14:00,37070
2026/5/26 17:15:00,37070
2026/5/26 17:16:00,37073
2026/5/26 17:17:00,37075
2026/5/26 17:18:00,37080
2026/5/26 17:19:00,37077
2026/5/26 17:20:00,37071
2026/5/26 17:21:00,37070
2026/5/26 17:22:00,37080
2026/5/26 17:23:00,37074
2026/5/26 17:24:00,37074
2026/5/26 17:25:00,37071
2026/5/26 17:26:00,37068
2026/5/26 17:27:00,37077
2026/5/26 17:28:00,37075
2026/5/26 17:29:00,37073
2026/5/26 17:30:00,37075
2026/5/26 17:31:00,37080
2026/5/26 17:32:00,37083
2026/5/26 17:33:00,37080
2026/5/26 17:34:00,37078
2026/5/26 17:35:00,37073
2026/5/26 17:36:00,37068
2026/5/26 17:37:00,37073
2026/5/26 17:38:00,37077
2026/5/26 17:39:00,37079
2026/5/26 17:40:00,37077
2026/5/26 17:41:00,37070
2026/5/26 17:42:00,37072
2026/5/26 17:43:00,37068
2026/5/26 17:44:00,37071
2026/5/26 17:45:00,37077
2026/5/26 17:46:00,37077
2026/5/26 17:47:00,37072
2026/5/26 17:48:00,37068
2026/5/26 17:49:00,37069
2026/5/26 17:50:00,37065
2026/5/26 17:51:00,37061
2026/5/26 17:52:00,37060
2026/5/26 17:53:00,37057
2026/5/26 17:54:00,37051
2026/5/26 17:55:00,37051
2026/5/26 17:56:00,37046
2026/5/26 17:57:00,37047
2026/5/26 17:58:00,37044
2026/5/26 17:59:00,37049
2026/5/26 18:00:00,37053
2026/5/26 18:01:00,37055
2026/5/26 18:02:00,37050
2026/5/26 18:03:00,37047
2026/5/26 18:04:00,37044
2026/5/26 18:05:00,37038
2026/5/26 18:06:00,37036
2026/5/26 18:07:00,37037
2026/5/26 18:08:00,37027
2026/5/26 18:09:00,37031
2026/5/26 18:10:00,37034
2026/5/26 18:11:00,37028
2026/5/26 18:12:00,37030
2026/5/26 18:13:00,37032
2026/5/26 18:14:00,37025
2026/5/26 18:15:00,37030
2026/5/26 18:16:00,37027
2026/5/26 18:17:00,37020
2026/5/26 18:18:00,37016
2026/5/26 18:19:00,37016
2026/5/26 18:20:00,37024
2026/5/26 18:21:00,37021
2026/5/26 18:22:00,37028
2026/5/26 18:23:00,37032
2026/5/26 18:24:00,37032
2026/5/26 18:25:00,37033
2026/5/26 18:26:00,37031
2026/5/26 18:27:00,37034
2026/5/26 18:28:00,37036
2026/5/26 18:29:00,37033
2026/5/26 18:30:00,37035
2026/5/26 18:31:00,37037
2026/5/26 18:32:00,37039
2026/5/26 18:33:00,37048
2026/5/26 18:34:00,37057
2026/5/26 18:35:00,37065
2026/5/26 18:36:00,37065
2026/5/26 18:37:00,37057
2026/5/26 18:38:00,37058
2026/5/26 18:39:00,37056
2026/5/26 18:40:00,37050
2026/5/26 18:41:00,37053
2026/5/26 18:42:00,37056
2026/5/26 18:43:00,37057
2026/5/26 18:44:00,37056
2026/5/26 18:45:00,37057
2026/5/26 18:46:00,37056
2026/5/26 18:47:00,37059
2026/5/26 18:48:00,37057
2026/5/26 18:49:00,37058
2026/5/26 18:50:00,37056
2026/5/26 18:51:00,37059
2026/5/26 18:52:00,37062
2026/5/26 18:53:00,37062
2026/5/26 18:54:00,37066
2026/5/26 18:55:00,37072
2026/5/26 18:56:00,37076
2026/5/26 18:57:00,37074
2026/5/26 18:58:00,37076
2026/5/26 18:59:00,37078
2026/5/26 19:00:00,37076
2026/5/26 19:01:00,37076
2026/5/26 19:02:00,37077
2026/5/26 19:03:00,37067
2026/5/26 19:04:00,37074
2026/5/26 19:05:00,37072
2026/5/26 19:06:00,37062
2026/5/26 19:07:00,37069
2026/5/26 19:08:00,37068
2026/5/26 19:09:00,37068
2026/5/26 19:10:00,37078
2026/5/26 19:11:00,37084
2026/5/26 19:12:00,37082
2026/5/26 19:13:00,37076
2026/5/26 19:14:00,37084
2026/5/26 19:15:00,37084
2026/5/26 19:16:00,37078
2026/5/26 19:17:00,37081
2026/5/26 19:18:00,37078
2026/5/26 19:19:00,37086
2026/5/26 19:20:00,37094
2026/5/26 19:21:00,37095
2026/5/26 19:22:00,37100
2026/5/26 19:23:00,37096
2026/5/26 19:24:00,37086
2026/5/26 19:25:00,37085
2026/5/26 19:26:00,37085
2026/5/26 19:27:00,37083
2026/5/26 19:28:00,37090
2026/5/26 19:29:00,37088
2026/5/26 19:30:00,37088
2026/5/26 19:31:00,37101
2026/5/26 19:32:00,37096
2026/5/26 19:33:00,37096
2026/5/26 19:34:00,37100
2026/5/26 19:35:00,37097
2026/5/26 19:36:00,37099
2026/5/26 19:37:00,37099
2026/5/26 19:38:00,37107
2026/5/26 19:39:00,37107
2026/5/26 19:40:00,37102
2026/5/26 19:41:00,37098
2026/5/26 19:42:00,37098
2026/5/26 19:43:00,37096
2026/5/26 19:44:00,37094
2026/5/26 19:45:00,37093
2026/5/26 19:46:00,37095
2026/5/26 19:47:00,37099
2026/5/26 19:48:00,37092
2026/5/26 19:49:00,37089
2026/5/26 19:50:00,37084
2026/5/26 19:51:00,37090
2026/5/26 19:52:00,37092
2026/5/26 19:53:00,37102
2026/5/26 19:54:00,37104
2026/5/26 19:55:00,37107
2026/5/26 19:56:00,37115
2026/5/26 19:57:00,37112
2026/5/26 19:58:00,37116
2026/5/26 19:59:00,37120
2026/5/26 20:00:00,37127
2026/5/26 20:01:00,37134
2026/5/26 20:02:00,37141
2026/5/26 20:03:00,37137
2026/5/26 20:04:00,37142
2026/5/26 20:05:00,37140
2026/5/26 20:06:00,37137
2026/5/26 20:07:00,37138
2026/5/26 20:08:00,37143
2026/5/26 20:09:00,37155
2026/5/26 20:10:00,37148
2026/5/26 20:11:00,37152
2026/5/26 20:12:00,37149
2026/5/26 20:13:00,37149
2026/5/26 20:14:00,37154
2026/5/26 20:15:00,37157
2026/5/26 20:16:00,37166
2026/5/26 20:17:00,37171
2026/5/26 20:18:00,37178
2026/5/26 20:19:00,37169
2026/5/26 20:20:00,37169
2026/5/26 20:21:00,37174
2026/5/26 20:22:00,37177
2026/5/26 20:23:00,37183
2026/5/26 20:24:00,37180
2026/5/26 20:25:00,37182
2026/5/26 20:26:00,37189
2026/5/26 20:27:00,37195
2026/5/26 20:28:00,37196
2026/5/26 20:29:00,37190
2026/5/26 20:30:00,37185
2026/5/26 20:31:00,37192
2026/5/26 20:32:00,37194
2026/5/26 20:33:00,37209
2026/5/26 20:34:00,37207
2026/5/26 20:35:00,37210
2026/5/26 20:36:00,37218
2026/5/26 20:37:00,37210
2026/5/26 20:38:00,37210
2026/5/26 20:39:00,37214
2026/5/26 20:40:04,37214
2026/5/26 20:41:00,37218
2026/5/26 20:42:00,37219
2026/5/26 20:43:00,37224
2026/5/26 20:44:00,37228
2026/5/26 20:45:00,37230
2026/5/26 20:46:00,37228
2026/5/26 20:47:00,37226
2026/5/26 20:48:00,37223
2026/5/26 20:49:00,37223
2026/5/26 20:50:00,37222
2026/5/26 20:51:00,37221
2026/5/26 20:52:00,37229
2026/5/26 20:53:00,37224
2026/5/26 20:54:00,37224
2026/5/26 20:55:00,37226
2026/5/26 20:56:00,37228
2026/5/26 20:57:00,37225
2026/5/26 20:58:00,37233
2026/5/26 20:59:00,37242
2026/5/26 21:00:00,37244
2026/5/26 21:01:00,37248
2026/5/26 21:02:00,37259
2026/5/26 21:03:00,37263
2026/5/26 21:04:00,37262
2026/5/26 21:05:00,37254
2026/5/26 21:06:00,37258
2026/5/26 21:07:00,37261
2026/5/26 21:08:00,37274
2026/5/26 21:09:00,37276
2026/5/26 21:10:00,37276
2026/5/26 21:11:00,37267
2026/5/26 21:12:00,37270
2026/5/26 21:13:00,37270
2026/5/26 21:14:00,37275
2026/5/26 21:15:00,37276
2026/5/26 21:16:00,37272
2026/5/26 21:17:00,37272
2026/5/26 21:18:00,37269
2026/5/26 21:19:00,37273
2026/5/26 21:20:00,37276
2026/5/26 21:21:00,37282
2026/5/26 21:22:00,37290
2026/5/26 21:23:00,37291
2026/5/26 21:24:00,37289
2026/5/26 21:25:00,37289
2026/5/26 21:26:00,37287
2026/5/26 21:27:00,37285
2026/5/26 21:28:00,37288
2026/5/26 21:29:00,37288
2026/5/26 21:30:00,37288
2026/5/26 21:31:00,37278
2026/5/26 21:32:00,37281
2026/5/26 21:33:00,37287
2026/5/26 21:34:00,37281
2026/5/26 21:35:00,37274
2026/5/26 21:36:00,37276
2026/5/26 21:37:00,37269
2026/5/26 21:38:00,37265
2026/5/26 21:39:00,37263
2026/5/26 21:40:00,37261
2026/5/26 21:41:00,37263
2026/5/26 21:42:00,37261
2026/5/26 21:43:00,37253
2026/5/26 21:44:00,37261
2026/5/26 21:45:00,37267
2026/5/26 21:46:00,37273
2026/5/26 21:47:00,37275
2026/5/26 21:48:00,37275
2026/5/26 21:49:00,37273
2026/5/26 21:50:00,37268
2026/5/26 21:51:00,37286
2026/5/26 21:52:00,37291
2026/5/26 21:53:00,37303
2026/5/26 21:54:00,37306
2026/5/26 21:55:00,37306
2026/5/26 21:56:00,37325
2026/5/26 21:57:00,37334
2026/5/26 21:58:00,37328
2026/5/26 21:59:00,37325
2026/5/26 22:00:00,37332
2026/5/26 22:01:00,37337
2026/5/26 22:02:00,37344
2026/5/26 22:03:00,37347
2026/5/26 22:04:00,37354
2026/5/26 22:05:00,37356
2026/5/26 22:06:00,37358
2026/5/26 22:07:00,37353
2026/5/26 22:08:00,37347
2026/5/26 22:09:00,37349
2026/5/26 22:10:00,37353
2026/5/26 22:11:00,37351
2026/5/26 22:12:00,37357
2026/5/26 22:13:00,37352
2026/5/26 22:14:00,37354
2026/5/26 22:15:00,37361
2026/5/26 22:16:00,37357
2026/5/26 22:17:00,37352
2026/5/26 22:18:00,37349
2026/5/26 22:19:00,37356
2026/5/26 22:20:00,37355
2026/5/26 22:21:00,37360
2026/5/26 22:22:00,37354
2026/5/26 22:23:00,37356
2026/5/26 22:24:00,37356
2026/5/26 22:25:00,37354
2026/5/26 22:26:00,37355
2026/5/26 22:27:00,37355
2026/5/26 22:28:00,37353
2026/5/26 22:29:00,37353
2026/5/26 22:30:00,37358
2026/5/26 22:31:00,37364
2026/5/26 22:32:00,37366
2026/5/26 22:33:00,37365
2026/5/26 22:34:00,37357
2026/5/26 22:35:00,37358
2026/5/26 22:36:00,37351
2026/5/26 22:37:00,37348
2026/5/26 22:38:00,37356
2026/5/26 22:39:00,37368
2026/5/26 22:40:00,37370
2026/5/26 22:41:00,37372
2026/5/26 22:42:00,37363
2026/5/26 22:43:00,37367
2026/5/26 22:44:00,37373
2026/5/26 22:45:00,37375
2026/5/26 22:46:00,37376
2026/5/26 22:47:00,37382
2026/5/26 22:48:00,37385
2026/5/26 22:49:00,37385
2026/5/26 22:50:00,37390
2026/5/26 22:51:00,37390
2026/5/26 22:52:00,37387
2026/5/26 22:53:00,37388
2026/5/26 22:54:00,37390
2026/5/26 22:55:00,37390
2026/5/26 22:56:00,37397
2026/5/26 22:57:00,37405
2026/5/26 22:58:00,37404
2026/5/26 22:59:00,37402
2026/5/26 23:00:00,37406
2026/5/26 23:01:00,37408
2026/5/26 23:02:00,37414
2026/5/26 23:03:00,37425
2026/5/26 23:04:00,37421
2026/5/26 23:05:00,37416
2026/5/26 23:06:00,37415
2026/5/26 23:07:00,37415
2026/5/26 23:08:00,37414
2026/5/26 23:09:00,37409
2026/5/26 23:10:00,37413
2026/5/26 23:11:00,37408
2026/5/26 23:12:00,37407
2026/5/26 23:13:00,37401
2026/5/26 23:14:00,37406
2026/5/26 23:15:00,37413
2026/5/26 23:16:00,37402
2026/5/26 23:17:00,37405
2026/5/26 23:18:00,37404
2026/5/26 23:19:00,37410
2026/5/26 23:20:00,37417
2026/5/26 23:21:00,37428
2026/5/26 23:22:00,37429
2026/5/26 23:23:00,37423
2026/5/26 23:24:00,37422
2026/5/26 23:25:00,37422
2026/5/26 23:26:00,37431
2026/5/26 23:27:00,37426
2026/5/26 23:29:06,37429
2026/5/26 23:30:00,37431
2026/5/26 23:31:00,37429
2026/5/26 23:32:00,37432
2026/5/26 23:33:00,37432
2026/5/26 23:34:00,37434
2026/5/26 23:35:01,37437
2026/5/26 23:36:00,37444
2026/5/26 23:37:00,37445
2026/5/26 23:38:00,37450
2026/5/26 23:39:00,37457
2026/5/26 23:40:00,37456
2026/5/26 23:41:00,37459
2026/5/26 23:42:00,37458
2026/5/26 23:43:00,37459
2026/5/26 23:44:00,37458
2026/5/26 23:45:00,37458
2026/5/26 23:46:00,37457
2026/5/26 23:47:00,37457
2026/5/26 23:48:00,37460
2026/5/26 23:49:00,37467
2026/5/26 23:50:00,37460
2026/5/26 23:51:00,37457
2026/5/26 23:52:00,37461
2026/5/26 23:53:00,37463
2026/5/26 23:54:00,37470
2026/5/26 23:55:00,37468
2026/5/26 23:56:00,37468
2026/5/26 23:57:00,37472
2026/5/26 23:58:00,37467
2026/5/26 23:59:00,37468
